<?xml version="1.0" encoding="UTF-8"?>
<project-private xmlns="http://www.netbeans.org/ns/project-private/1">
    <editor-bookmarks xmlns="http://www.netbeans.org/ns/editor-bookmarks/2" lastBookmarkId="0"/>
    <open-files xmlns="http://www.netbeans.org/ns/projectui-open-files/2">
        <group>
            <file>file:/C:/Users/HP/Desktop/khk/project/FinalProject2/src/ui/Attendanced.java</file>
            <file>file:/C:/Users/HP/Desktop/khk/project/FinalProject2/src/controller/AttendanceController.java</file>
            <file>file:/C:/Users/HP/Desktop/khk/project/FinalProject2/src/ui/AttendanceTableModel.java</file>
            <file>file:/C:/Users/HP/Desktop/khk/project/FinalProject2/src/model/Attendance.java</file>
            <file>file:/C:/Users/HP/Desktop/khk/project/FinalProject2/src/model/AttendanceManager.java</file>
            <file>file:/C:/Users/HP/Desktop/khk/project/FinalProject2/src/ui/Home.java</file>
            <file>file:/C:/Users/HP/Desktop/khk/project/FinalProject2/src/ui/Attendances.java</file>
        </group>
    </open-files>
</project-private>
